,factor,rmse
0,0.0,0.07665728021449097
1,0.1,0.06497616320601642
2,0.2,0.06498049139871145
3,0.30000000000000004,0.09990676183994401
4,0.4,0.08757451896233258
5,0.5,0.0954084967298828
6,0.6000000000000001,0.07662572161971991
7,0.7000000000000001,0.09489824663960668
8,0.8,0.1023004600885793
9,0.9,0.08712867812102122
10,1.0,0.0970599571202642
